Entity,Workbook Column / Field,Proposed CSV Header,Proposed Collection,Proposed Firestore Field,Data Type,Required?,Validation / Relationship,Developer Confirmed?,Developer Notes
Pathway,Pathway ID,pathwayId,pathways,pathwayId,string,Yes,Unique stable ID,Changed,"Production field is pathways.stableId (also the document ID), e.g. ""come-and-see"". Lessons reference it in lessons.pathwayId. Use the existing stable IDs, not KH-PATH-CS, or provide a mapping."
Pathway,Title,title_en,pathways,title.en,localized string,Yes,Nonblank,Yes,"pathways.title is a localized map {en, es, ur, lg}."
Pathway,Sequence,sequence,pathways,sequence,integer,Yes,Unique ordering where required,Changed,Production field is pathways.order (integer). The app sorts pathways by it.
Lesson,Lesson ID,lessonId,lessons,lessonId,string,Yes,Unique stable ID,Changed,Production field is lessons.stableId (e.g. LESSON-COME-001); it is the upsert key and is used to link quizzes (quizzes.lessonId).
Lesson,Pathway ID,pathwayId,lessons,pathwayId,reference/string,Yes,Must match an existing pathway,Yes,lessons.pathwayId = the pathway stableId. Lessons are stored under pathways/{pathwayId}/lessons.
Lesson,Sequence,sequence,lessons,sequence,integer,Yes,1 through pathway lesson count,Changed,"Production field is lessons.dayNumber (integer, 1..lesson count)."
Lesson,Title EN,title_en,lessons,title.en,localized string,Yes,Nonblank,Yes,"lessons.title is a localized map {en, es, ur, lg}."
Lesson,Body EN,body_en,lessons,body.en,localized rich text,Yes,Sanitize supported markup,Not built,"Lessons have no body/teaching field yet; the app shows title, Scripture, reflection, application and prayer. Adding body requires a schema and app change (in scope to confirm)."
Lesson,Scripture Reference,scripture_reference,lessons,scripture.reference,string,As applicable,Reference format approved,Changed,"Production field is lessons.scriptureRef (string, English book names, e.g. ""John 3:16-21""); the full passage is fetched from API.Bible."
Lesson,Scripture Text EN,scripture_text_en,lessons,scripture.text.en,localized text,As applicable,Translation/licensing confirmed,Changed,"Production field is lessons.scriptureText (localized map). Shown as the lesson's Scripture and used offline; must be an approved translation, never machine-translated."
Lesson,Reflection EN,reflection_en,lessons,reflectionPrompt.en,localized string,As applicable,Member response stored privately,Yes,lessons.reflectionPrompt (localized map). Member answers are stored privately in the reflections collection.
Lesson,Prayer EN,prayer_en,lessons,prayer.en,localized text,As applicable,Nonblank when source contains prayer,Yes,lessons.prayer (localized map); shown as its own section.
Lesson,Action Step EN,action_step_en,lessons,actionStep.en,localized text,As applicable,Nonblank when source contains action,Changed,"Production field is lessons.application (localized map), shown as ""Application""."
Quiz,Quiz ID,quizId,quizzes,quizId,string,Yes,Unique stable ID,Changed,Production field is quizzes.stableId (e.g. come-and-see-quiz-1); quizzes.lessonId links the quiz to the lesson after which it opens.
Quiz,Passing Score,passingScore,quizzes,passingScore,decimal,Yes,0–1; final threshold approved,Changed,Scoring is done by the getQuiz/submitQuizAttempt backend; the app shows the passing score it returns (currently 80%). Confirm with the backend whether it is stored as a percentage or 0-1.
Assessment,Question ID,questionId,assessmentQuestions,questionId,string,Yes,Unique stable ID,Yes,assessmentQuestions documents keyed by question ID; served by getAssessmentQuestions.
Assessment,Answer option,optionId,assessmentAnswers,optionId,string,Yes,A/B/C/D,Changed,Answer options are stored with their question in assessmentQuestions (no separate assessmentAnswers collection). Option IDs A-D match the app.
Assessment,Points,points,assessmentAnswers,points,integer,Yes,0–3,Yes,Used by the backend scoring (submitAssessment).
Assessment,Trigger Code,triggerCode,assessmentAnswers,triggerCode,string,No,Approved code or blank,Yes,Used by backend override rules; must match the codes in 05_Assessment_Recommendation_Rules.
Daily,Daily ID,dailyId,dailyContent,dailyId,string,Yes,Unique stable ID,Changed,Production uses two collections: dailyScripture (stableId e.g. scripture-01-01) and encouragements (stableId e.g. KH-ENC-001). Each needs its own unique stable ID.
Daily,Day #,dayNumber,dailyContent,dayNumber,integer,Yes,1–365,Changed,"Production schedules by date in month-day format (MM-dd, e.g. 01-31) in the date field; dayNumber is stored for reference."
Daily,Reference,reference,dailyContent,reference,string,Yes,Nonblank before CSV ready,Changed,dailyScripture.verseRef (and reference). The verse itself is shown from API.Bible.
Daily,Verse Text EN,verseText_en,dailyContent,verseText.en,localized text,Yes,Source/translation rights confirmed,Changed,"Not stored: the verse is fetched from API.Bible in the member's language. dailyScripture.text holds the Kingdom Heirs commentary, shown separately as ""Daily Truth""."
Daily,Encouragement Text EN,encouragementText_en,dailyContent,encouragementText.en,localized text,Yes,Nonblank before CSV ready,Changed,"encouragements.quote (localized map), with title, attribution, scriptureRef and rightsCleared."
Completion,Member ID,memberId,pathwayCompletions,memberId,reference/string,Yes,Authenticated member,Not built,Pathway completion is currently derived from lesson progress (getPathwayProgress); there is no pathwayCompletions collection.
Completion,Pathway ID,pathwayId,pathwayCompletions,pathwayId,reference/string,Yes,Must match a published pathway,Not built,See above.
Completion,Completion Date,completedAt,pathwayCompletions,completedAt,timestamp,Yes,Server timestamp after every completion rule passes,Not built,See above.
Completion,Certificate URL,certificateUrl,pathwayCompletions,certificateUrl,string/url,Yes,Generated certificate opens for the member,Not built,Certificates are not implemented. Requires scope confirmation.
Field Practice,Assignment ID,assignmentId,fieldAssignments,assignmentId,string,Yes,Must match an approved capstone assignment,Not built,Field practice / capstone assignments are not implemented. Requires scope confirmation.
Field Practice,Leader Verification,leaderVerification,fieldAssignments,leaderVerification,object/reference,Yes,"Verified leader, date and status; private access",Not built,Leader verification is not implemented. Requires scope confirmation.
Commissioning,Commissioning Status,commissioningStatus,memberProfiles,commissioning.status,enum,Yes,Not Started/In Review/Commissioned/Suspended,Not built,Commissioning is not implemented. Requires scope confirmation.
Commissioning,Commissioning Date,commissionedAt,memberProfiles,commissioning.commissionedAt,timestamp,As applicable,Set only after approval,Not built,See above.
Global,Publish Status,publishStatus,various,publishStatus,enum,Yes,Draft/Published/Unpublished,Changed,"Production field is status with values draft, review, published, unpublished. Only published records are shown to members."
Global,Version,version,various,version,string/integer,Yes,Supports upsert and audit trail,Not built,No version field yet; upsert uses stableId. Can be added for the audit trail.
