key,en,es,ur,lg
6248jqp7,Pathways,,,Amakubo
jz8jsiaf,Publish announcement,,,Publish announcement
1ccn96wk,Title (EN),,,Title (EN)
0lhahpo6,Title (ES draft),,,Title (ES draft)
q3x9kohh,Title (UR draft),,,Title (UR draft)
m1dy9t41,Body (EN),,,Body (EN)
c5cr8hgv,Body (ES draft),,,Body (ES draft)
0iub2yof,Body (UR draft),,,Body (UR draft)
ntdrmux1,Publish + notify members,,,Publish + notify members
kgp1nv6b,Save announcement only (no push),,,Save announcement only (no push)
q6mq841w,Translation drafts,,,Translation drafts
fhohg5wy,Generate ES/UR pathway drafts,,,Generate ES/UR pathway drafts
4upku5le,Generate ES/UR lesson drafts,,,Generate ES/UR lesson drafts
wkid62i1,Assessment rules (live),,,Assessment rules (live)
uo92yaak,Load active config,,,Load active config
sqm4uwaa,Assessment version,,,Assessment version
mxpyprz5,Score bands JSON,,,Score bands JSON
53e751an,Overrides JSON,,,Overrides JSON
abdgzy7s,Explanations JSON,,,Explanations JSON
6zkmejjg,Point map JSON,,,Point map JSON
t0p9hilp,Save & activate rules,,,Save & activate rules
e3yc7ebr,Admin report,,,Admin report
8gr2edeb,Refresh report,,,Refresh report
jlpv7k2u,Create content,,,Create content
4yvy61cq,Create pathway (draft),,,Create pathway (draft)
31vjzirp,Title (English),,,Title (English)
0qer9c69,Stable ID (e.g. come-and-see),,,Stable ID (e.g. come-and-see)
d1vd8i2k,Create Pathway,,,Create Pathway
flizzuzv,Create lesson (draft),,,Create lesson (draft)
u4297vic,Lesson title (English),,,Lesson title (English)
zk0ekyyf,Stable ID (e.g. LESSON-COME-001),,,Stable ID (e.g. LESSON-COME-001)
1ddemhqa,Parent pathway stableId,,,Parent pathway stableId
dmvkrtrk,Scripture ref (e.g. John 3:16),,,Scripture ref (e.g. John 3:16)
81pcpgvs,Create Lesson,,,Create Lesson
6ku1r7wp,Edit content,,,Edit content
qy1uhfab,Edit pathway,,,Edit pathway
5xl35md5,Stable ID to update,,,Stable ID to update
gipfyn9f,New title (English),,,New title (English)
4z54k5p9,Status: draft | in_review | published,,,Status: draft | in_review | published
bd0eimw8,Update Pathway,,,Update Pathway
ounn6gex,Edit lesson,,,Edit lesson
x30beon5,Parent pathway stableId,,,Parent pathway stableId
p389fojk,Lesson stableId,,,Lesson stableId
pditiayw,New title,,,New title
fivaqvz7,Scripture ref,,,Scripture ref
7t9cmwn0,Reflection prompt,,,Reflection prompt
3zabe2mp,Status: draft | in_review | published,,,Status: draft | in_review | published
molltaja,Update Lesson,,,Update Lesson
d8682e0k,Pathways (all statuses),,,Pathways (all statuses)
us7flsgc,Submit,,,Submit
prem5u25,Publish,,,Publish
kn1x55x3,Unpublish,,,Unpublish
3jh28ea7,Delete,,,Delete
5t7q6hnw,Daily Scripture (all statuses),,,Daily Scripture (all statuses)
41n51lru,Lessons (all statuses),,,Lessons (all statuses)
w5di1mwb,Submit for Review,,,Submit for Review
gvlpz0hk,Approve & Publish,,,Approve & Publish
mqk397iq,Back to Draft,,,Back to Draft
sjxbois2,Unpublish,,,Unpublish
kwmzul5z,Quizzes (all statuses),,,Quizzes (all statuses)
ukc7prir,Submit for Review,,,Submit for Review
lt1h1tu5,Approve & Publish,,,Approve & Publish
30p71cwk,Back to Draft,,,Back to Draft
t58atw7n,Unpublish,,,Unpublish
ix7r9qf2,Bulk Curriculum Importer,,,Bulk Curriculum Importer
uqss0gyk,Paste CSV with a header row. Target collection buttons below.,,,Paste CSV with a header row. Target collection buttons below.
51667gmm,pathways,,,pathways
wvf9wapw,pathways,,,pathways
vlzev2eo,lessons,,,lessons
58lwjmah,lessons,,,lessons
d3guiznk,dailyScripture,,,dailyScripture
3w9gf0wx,dailyScripture,,,dailyScripture
9no23ll9,encouragements,,,encouragements
nnddtd6k,encouragements,,,encouragements
af5wygnu,Target:,,,Target:
iya56y70,CSV content (header row + data rows),,,CSV content (header row + data rows)
gwqh9f43,Preview Import,,,Preview Import
ghnr6u7d,Confirm Import,,,Confirm Import
knblstbn,Create:,,,Create:
oqhoucg6,Update:,,,Update:
i9y7yj5k,No change:,,,No change:
5uhx0759,Errors:,,,Errors:
7vc4b05s,Manage Content (Admin),,,Kola ku Bikozesebwa (Admin)
4hs8hcel,Visible only to admin and ministry reviewer roles,,,Visible only to admin and ministry reviewer roles
01vumem0,Visible only to admin and ministry reviewer roles,,,Visible only to admin and ministry reviewer roles
twm4zq0p,✓ English,,,✓ English
h9q8em43,✓ Español,,,✓ Español
cj32n82b,✓ اردو,,,✓ اردو
k4r3pxmr,✓ Luganda,,,✓ Luganda
zv6tqbs6,Profile,,,Pulofayiro
amxdvirb,Home,,,
cmqw7x55,Enable notifications for reminders and ministry announcements.,,یاد دہانیوں اور خدمت کے اعلانات کے لیے اطلاعات فعال کریں۔,Kkiriza obubaka olw'okujjukiza n'ebirangiriro by'obuweereza.
tk5n04z3,Quiz 1 after Lesson 7 · Quiz 2 after Lesson 14 · 80% to pass,,کوئز 1 سبق 7 کے بعد · کوئز 2 سبق 14 کے بعد · پاس ہونے کے لیے 80٪,Quiz 1 after Lesson 7 · Quiz 2 after Lesson 14 · 80% to pass
xqpai7gi,"Answers use only approved Kingdom Heirs content, with citations.",,جوابات صرف منظور شدہ کنگڈم ہائرز مواد اور حوالہ جات پر مبنی ہیں۔,
yuwzkfxq,You're offline. Some content may be out of date.,,آپ آف لائن ہیں۔ کچھ مواد پرانا ہو سکتا ہے۔,You're offline. Some content may be out of date.
